Ftp_dtm,Ftp_dsm
http://ftp.maps.canada.ca/pub/elevation/dem_mne/highresolution_hauteresolution/dtm_mnt/1m/NRCAN/Jasper_Park_2019_2/utm11/dtm_1m_utm11_w_10_186.tif,http://ftp.maps.canada.ca/pub/elevation/dem_mne/highresolution_hauteresolution/dsm_mns/1m/NRCAN/Jasper_Park_2019_2/utm11/dsm_1m_utm11_w_10_186.tif
http://ftp.maps.canada.ca/pub/elevation/dem_mne/highresolution_hauteresolution/dtm_mnt/1m/NRCAN/Jasper_Park_2019_2/utm11/dtm_1m_utm11_w_10_191.tif,http://ftp.maps.canada.ca/pub/elevation/dem_mne/highresolution_hauteresolution/dsm_mns/1m/NRCAN/Jasper_Park_2019_2/utm11/dsm_1m_utm11_w_10_191.tif
http://ftp.maps.canada.ca/pub/elevation/dem_mne/highresolution_hauteresolution/dtm_mnt/1m/NRCAN/Jasper_Park_2019_2/utm11/dtm_1m_utm11_w_10_192.tif,http://ftp.maps.canada.ca/pub/elevation/dem_mne/highresolution_hauteresolution/dsm_mns/1m/NRCAN/Jasper_Park_2019_2/utm11/dsm_1m_utm11_w_10_192.tif
http://ftp.maps.canada.ca/pub/elevation/dem_mne/highresolution_hauteresolution/dtm_mnt/1m/NRCAN/Jasper_Park_2019_2/utm11/dtm_1m_utm11_w_11_192.tif,http://ftp.maps.canada.ca/pub/elevation/dem_mne/highresolution_hauteresolution/dsm_mns/1m/NRCAN/Jasper_Park_2019_2/utm11/dsm_1m_utm11_w_11_192.tif
http://ftp.maps.canada.ca/pub/elevation/dem_mne/highresolution_hauteresolution/dtm_mnt/1m/NRCAN/Jasper_Park_2019_2/utm11/dtm_1m_utm11_w_2_182.tif,http://ftp.maps.canada.ca/pub/elevation/dem_mne/highresolution_hauteresolution/dsm_mns/1m/NRCAN/Jasper_Park_2019_2/utm11/dsm_1m_utm11_w_2_182.tif
http://ftp.maps.canada.ca/pub/elevation/dem_mne/highresolution_hauteresolution/dtm_mnt/1m/NRCAN/Jasper_Park_2019_2/utm11/dtm_1m_utm11_w_2_183.tif,http://ftp.maps.canada.ca/pub/elevation/dem_mne/highresolution_hauteresolution/dsm_mns/1m/NRCAN/Jasper_Park_2019_2/utm11/dsm_1m_utm11_w_2_183.tif
http://ftp.maps.canada.ca/pub/elevation/dem_mne/highresolution_hauteresolution/dtm_mnt/1m/NRCAN/Jasper_Park_2019_2/utm11/dtm_1m_utm11_w_3_182.tif,http://ftp.maps.canada.ca/pub/elevation/dem_mne/highresolution_hauteresolution/dsm_mns/1m/NRCAN/Jasper_Park_2019_2/utm11/dsm_1m_utm11_w_3_182.tif
http://ftp.maps.canada.ca/pub/elevation/dem_mne/highresolution_hauteresolution/dtm_mnt/1m/NRCAN/Jasper_Park_2019_2/utm11/dtm_1m_utm11_w_3_183.tif,http://ftp.maps.canada.ca/pub/elevation/dem_mne/highresolution_hauteresolution/dsm_mns/1m/NRCAN/Jasper_Park_2019_2/utm11/dsm_1m_utm11_w_3_183.tif
http://ftp.maps.canada.ca/pub/elevation/dem_mne/highresolution_hauteresolution/dtm_mnt/1m/NRCAN/Jasper_Park_2019_2/utm11/dtm_1m_utm11_w_3_184.tif,http://ftp.maps.canada.ca/pub/elevation/dem_mne/highresolution_hauteresolution/dsm_mns/1m/NRCAN/Jasper_Park_2019_2/utm11/dsm_1m_utm11_w_3_184.tif
http://ftp.maps.canada.ca/pub/elevation/dem_mne/highresolution_hauteresolution/dtm_mnt/1m/NRCAN/Jasper_Park_2019_2/utm11/dtm_1m_utm11_w_3_185.tif,http://ftp.maps.canada.ca/pub/elevation/dem_mne/highresolution_hauteresolution/dsm_mns/1m/NRCAN/Jasper_Park_2019_2/utm11/dsm_1m_utm11_w_3_185.tif
http://ftp.maps.canada.ca/pub/elevation/dem_mne/highresolution_hauteresolution/dtm_mnt/1m/NRCAN/Jasper_Park_2019_2/utm11/dtm_1m_utm11_w_3_186.tif,http://ftp.maps.canada.ca/pub/elevation/dem_mne/highresolution_hauteresolution/dsm_mns/1m/NRCAN/Jasper_Park_2019_2/utm11/dsm_1m_utm11_w_3_186.tif
http://ftp.maps.canada.ca/pub/elevation/dem_mne/highresolution_hauteresolution/dtm_mnt/1m/NRCAN/Jasper_Park_2019_2/utm11/dtm_1m_utm11_w_3_187.tif,http://ftp.maps.canada.ca/pub/elevation/dem_mne/highresolution_hauteresolution/dsm_mns/1m/NRCAN/Jasper_Park_2019_2/utm11/dsm_1m_utm11_w_3_187.tif
http://ftp.maps.canada.ca/pub/elevation/dem_mne/highresolution_hauteresolution/dtm_mnt/1m/NRCAN/Jasper_Park_2019_2/utm11/dtm_1m_utm11_w_3_188.tif,http://ftp.maps.canada.ca/pub/elevation/dem_mne/highresolution_hauteresolution/dsm_mns/1m/NRCAN/Jasper_Park_2019_2/utm11/dsm_1m_utm11_w_3_188.tif
http://ftp.maps.canada.ca/pub/elevation/dem_mne/highresolution_hauteresolution/dtm_mnt/1m/NRCAN/Jasper_Park_2019_2/utm11/dtm_1m_utm11_w_4_182.tif,http://ftp.maps.canada.ca/pub/elevation/dem_mne/highresolution_hauteresolution/dsm_mns/1m/NRCAN/Jasper_Park_2019_2/utm11/dsm_1m_utm11_w_4_182.tif
http://ftp.maps.canada.ca/pub/elevation/dem_mne/highresolution_hauteresolution/dtm_mnt/1m/NRCAN/Jasper_Park_2019_2/utm11/dtm_1m_utm11_w_4_183.tif,http://ftp.maps.canada.ca/pub/elevation/dem_mne/highresolution_hauteresolution/dsm_mns/1m/NRCAN/Jasper_Park_2019_2/utm11/dsm_1m_utm11_w_4_183.tif
http://ftp.maps.canada.ca/pub/elevation/dem_mne/highresolution_hauteresolution/dtm_mnt/1m/NRCAN/Jasper_Park_2019_2/utm11/dtm_1m_utm11_w_4_184.tif,http://ftp.maps.canada.ca/pub/elevation/dem_mne/highresolution_hauteresolution/dsm_mns/1m/NRCAN/Jasper_Park_2019_2/utm11/dsm_1m_utm11_w_4_184.tif
http://ftp.maps.canada.ca/pub/elevation/dem_mne/highresolution_hauteresolution/dtm_mnt/1m/NRCAN/Jasper_Park_2019_2/utm11/dtm_1m_utm11_w_4_185.tif,http://ftp.maps.canada.ca/pub/elevation/dem_mne/highresolution_hauteresolution/dsm_mns/1m/NRCAN/Jasper_Park_2019_2/utm11/dsm_1m_utm11_w_4_185.tif
http://ftp.maps.canada.ca/pub/elevation/dem_mne/highresolution_hauteresolution/dtm_mnt/1m/NRCAN/Jasper_Park_2019_2/utm11/dtm_1m_utm11_w_4_186.tif,http://ftp.maps.canada.ca/pub/elevation/dem_mne/highresolution_hauteresolution/dsm_mns/1m/NRCAN/Jasper_Park_2019_2/utm11/dsm_1m_utm11_w_4_186.tif
http://ftp.maps.canada.ca/pub/elevation/dem_mne/highresolution_hauteresolution/dtm_mnt/1m/NRCAN/Jasper_Park_2019_2/utm11/dtm_1m_utm11_w_4_187.tif,http://ftp.maps.canada.ca/pub/elevation/dem_mne/highresolution_hauteresolution/dsm_mns/1m/NRCAN/Jasper_Park_2019_2/utm11/dsm_1m_utm11_w_4_187.tif
http://ftp.maps.canada.ca/pub/elevation/dem_mne/highresolution_hauteresolution/dtm_mnt/1m/NRCAN/Jasper_Park_2019_2/utm11/dtm_1m_utm11_w_4_188.tif,http://ftp.maps.canada.ca/pub/elevation/dem_mne/highresolution_hauteresolution/dsm_mns/1m/NRCAN/Jasper_Park_2019_2/utm11/dsm_1m_utm11_w_4_187.tif
http://ftp.maps.canada.ca/pub/elevation/dem_mne/highresolution_hauteresolution/dtm_mnt/1m/NRCAN/Jasper_Park_2019_2/utm11/dtm_1m_utm11_w_4_189.tif,http://ftp.maps.canada.ca/pub/elevation/dem_mne/highresolution_hauteresolution/dsm_mns/1m/NRCAN/Jasper_Park_2019_2/utm11/dsm_1m_utm11_w_4_189.tif
http://ftp.maps.canada.ca/pub/elevation/dem_mne/highresolution_hauteresolution/dtm_mnt/1m/NRCAN/Jasper_Park_2019_2/utm11/dtm_1m_utm11_w_5_183.tif,http://ftp.maps.canada.ca/pub/elevation/dem_mne/highresolution_hauteresolution/dsm_mns/1m/NRCAN/Jasper_Park_2019_2/utm11/dsm_1m_utm11_w_5_183.tif
http://ftp.maps.canada.ca/pub/elevation/dem_mne/highresolution_hauteresolution/dtm_mnt/1m/NRCAN/Jasper_Park_2019_2/utm11/dtm_1m_utm11_w_5_184.tif,http://ftp.maps.canada.ca/pub/elevation/dem_mne/highresolution_hauteresolution/dsm_mns/1m/NRCAN/Jasper_Park_2019_2/utm11/dsm_1m_utm11_w_5_184.tif
http://ftp.maps.canada.ca/pub/elevation/dem_mne/highresolution_hauteresolution/dtm_mnt/1m/NRCAN/Jasper_Park_2019_2/utm11/dtm_1m_utm11_w_5_185.tif,http://ftp.maps.canada.ca/pub/elevation/dem_mne/highresolution_hauteresolution/dsm_mns/1m/NRCAN/Jasper_Park_2019_2/utm11/dsm_1m_utm11_w_5_185.tif
http://ftp.maps.canada.ca/pub/elevation/dem_mne/highresolution_hauteresolution/dtm_mnt/1m/NRCAN/Jasper_Park_2019_2/utm11/dtm_1m_utm11_w_5_186.tif,http://ftp.maps.canada.ca/pub/elevation/dem_mne/highresolution_hauteresolution/dsm_mns/1m/NRCAN/Jasper_Park_2019_2/utm11/dsm_1m_utm11_w_5_186.tif
http://ftp.maps.canada.ca/pub/elevation/dem_mne/highresolution_hauteresolution/dtm_mnt/1m/NRCAN/Jasper_Park_2019_2/utm11/dtm_1m_utm11_w_5_187.tif,http://ftp.maps.canada.ca/pub/elevation/dem_mne/highresolution_hauteresolution/dsm_mns/1m/NRCAN/Jasper_Park_2019_2/utm11/dsm_1m_utm11_w_5_187.tif
http://ftp.maps.canada.ca/pub/elevation/dem_mne/highresolution_hauteresolution/dtm_mnt/1m/NRCAN/Jasper_Park_2019_2/utm11/dtm_1m_utm11_w_5_188.tif,http://ftp.maps.canada.ca/pub/elevation/dem_mne/highresolution_hauteresolution/dsm_mns/1m/NRCAN/Jasper_Park_2019_2/utm11/dsm_1m_utm11_w_5_188.tif
http://ftp.maps.canada.ca/pub/elevation/dem_mne/highresolution_hauteresolution/dtm_mnt/1m/NRCAN/Jasper_Park_2019_2/utm11/dtm_1m_utm11_w_5_189.tif,http://ftp.maps.canada.ca/pub/elevation/dem_mne/highresolution_hauteresolution/dsm_mns/1m/NRCAN/Jasper_Park_2019_2/utm11/dsm_1m_utm11_w_5_189.tif
http://ftp.maps.canada.ca/pub/elevation/dem_mne/highresolution_hauteresolution/dtm_mnt/1m/NRCAN/Jasper_Park_2019_2/utm11/dtm_1m_utm11_w_5_190.tif,http://ftp.maps.canada.ca/pub/elevation/dem_mne/highresolution_hauteresolution/dsm_mns/1m/NRCAN/Jasper_Park_2019_2/utm11/dsm_1m_utm11_w_5_190.tif
http://ftp.maps.canada.ca/pub/elevation/dem_mne/highresolution_hauteresolution/dtm_mnt/1m/NRCAN/Jasper_Park_2019_2/utm11/dtm_1m_utm11_w_6_182.tif,http://ftp.maps.canada.ca/pub/elevation/dem_mne/highresolution_hauteresolution/dsm_mns/1m/NRCAN/Jasper_Park_2019_2/utm11/dsm_1m_utm11_w_6_182.tif
http://ftp.maps.canada.ca/pub/elevation/dem_mne/highresolution_hauteresolution/dtm_mnt/1m/NRCAN/Jasper_Park_2019_2/utm11/dtm_1m_utm11_w_6_183.tif,http://ftp.maps.canada.ca/pub/elevation/dem_mne/highresolution_hauteresolution/dsm_mns/1m/NRCAN/Jasper_Park_2019_2/utm11/dsm_1m_utm11_w_6_183.tif
http://ftp.maps.canada.ca/pub/elevation/dem_mne/highresolution_hauteresolution/dtm_mnt/1m/NRCAN/Jasper_Park_2019_2/utm11/dtm_1m_utm11_w_6_184.tif,http://ftp.maps.canada.ca/pub/elevation/dem_mne/highresolution_hauteresolution/dsm_mns/1m/NRCAN/Jasper_Park_2019_2/utm11/dsm_1m_utm11_w_6_184.tif
http://ftp.maps.canada.ca/pub/elevation/dem_mne/highresolution_hauteresolution/dtm_mnt/1m/NRCAN/Jasper_Park_2019_2/utm11/dtm_1m_utm11_w_6_185.tif,http://ftp.maps.canada.ca/pub/elevation/dem_mne/highresolution_hauteresolution/dsm_mns/1m/NRCAN/Jasper_Park_2019_2/utm11/dsm_1m_utm11_w_6_185.tif
http://ftp.maps.canada.ca/pub/elevation/dem_mne/highresolution_hauteresolution/dtm_mnt/1m/NRCAN/Jasper_Park_2019_2/utm11/dtm_1m_utm11_w_6_186.tif,http://ftp.maps.canada.ca/pub/elevation/dem_mne/highresolution_hauteresolution/dsm_mns/1m/NRCAN/Jasper_Park_2019_2/utm11/dsm_1m_utm11_w_6_186.tif
http://ftp.maps.canada.ca/pub/elevation/dem_mne/highresolution_hauteresolution/dtm_mnt/1m/NRCAN/Jasper_Park_2019_2/utm11/dtm_1m_utm11_w_6_187.tif,http://ftp.maps.canada.ca/pub/elevation/dem_mne/highresolution_hauteresolution/dsm_mns/1m/NRCAN/Jasper_Park_2019_2/utm11/dsm_1m_utm11_w_6_187.tif
http://ftp.maps.canada.ca/pub/elevation/dem_mne/highresolution_hauteresolution/dtm_mnt/1m/NRCAN/Jasper_Park_2019_2/utm11/dtm_1m_utm11_w_6_188.tif,http://ftp.maps.canada.ca/pub/elevation/dem_mne/highresolution_hauteresolution/dsm_mns/1m/NRCAN/Jasper_Park_2019_2/utm11/dsm_1m_utm11_w_6_188.tif
http://ftp.maps.canada.ca/pub/elevation/dem_mne/highresolution_hauteresolution/dtm_mnt/1m/NRCAN/Jasper_Park_2019_2/utm11/dtm_1m_utm11_w_6_189.tif,http://ftp.maps.canada.ca/pub/elevation/dem_mne/highresolution_hauteresolution/dsm_mns/1m/NRCAN/Jasper_Park_2019_2/utm11/dsm_1m_utm11_w_6_189.tif
http://ftp.maps.canada.ca/pub/elevation/dem_mne/highresolution_hauteresolution/dtm_mnt/1m/NRCAN/Jasper_Park_2019_2/utm11/dtm_1m_utm11_w_6_190.tif,http://ftp.maps.canada.ca/pub/elevation/dem_mne/highresolution_hauteresolution/dsm_mns/1m/NRCAN/Jasper_Park_2019_2/utm11/dsm_1m_utm11_w_6_190.tif
http://ftp.maps.canada.ca/pub/elevation/dem_mne/highresolution_hauteresolution/dtm_mnt/1m/NRCAN/Jasper_Park_2019_2/utm11/dtm_1m_utm11_w_6_191.tif,http://ftp.maps.canada.ca/pub/elevation/dem_mne/highresolution_hauteresolution/dsm_mns/1m/NRCAN/Jasper_Park_2019_2/utm11/dsm_1m_utm11_w_6_191.tif
http://ftp.maps.canada.ca/pub/elevation/dem_mne/highresolution_hauteresolution/dtm_mnt/1m/NRCAN/Jasper_Park_2019_2/utm11/dtm_1m_utm11_w_7_182.tif,http://ftp.maps.canada.ca/pub/elevation/dem_mne/highresolution_hauteresolution/dsm_mns/1m/NRCAN/Jasper_Park_2019_2/utm11/dsm_1m_utm11_w_7_182.tif
http://ftp.maps.canada.ca/pub/elevation/dem_mne/highresolution_hauteresolution/dtm_mnt/1m/NRCAN/Jasper_Park_2019_2/utm11/dtm_1m_utm11_w_7_183.tif,http://ftp.maps.canada.ca/pub/elevation/dem_mne/highresolution_hauteresolution/dsm_mns/1m/NRCAN/Jasper_Park_2019_2/utm11/dsm_1m_utm11_w_7_183.tif
http://ftp.maps.canada.ca/pub/elevation/dem_mne/highresolution_hauteresolution/dtm_mnt/1m/NRCAN/Jasper_Park_2019_2/utm11/dtm_1m_utm11_w_7_184.tif,http://ftp.maps.canada.ca/pub/elevation/dem_mne/highresolution_hauteresolution/dsm_mns/1m/NRCAN/Jasper_Park_2019_2/utm11/dsm_1m_utm11_w_7_184.tif
http://ftp.maps.canada.ca/pub/elevation/dem_mne/highresolution_hauteresolution/dtm_mnt/1m/NRCAN/Jasper_Park_2019_2/utm11/dtm_1m_utm11_w_7_185.tif,http://ftp.maps.canada.ca/pub/elevation/dem_mne/highresolution_hauteresolution/dsm_mns/1m/NRCAN/Jasper_Park_2019_2/utm11/dsm_1m_utm11_w_7_185.tif
http://ftp.maps.canada.ca/pub/elevation/dem_mne/highresolution_hauteresolution/dtm_mnt/1m/NRCAN/Jasper_Park_2019_2/utm11/dtm_1m_utm11_w_7_186.tif,http://ftp.maps.canada.ca/pub/elevation/dem_mne/highresolution_hauteresolution/dsm_mns/1m/NRCAN/Jasper_Park_2019_2/utm11/dsm_1m_utm11_w_7_186.tif
http://ftp.maps.canada.ca/pub/elevation/dem_mne/highresolution_hauteresolution/dtm_mnt/1m/NRCAN/Jasper_Park_2019_2/utm11/dtm_1m_utm11_w_7_187.tif,http://ftp.maps.canada.ca/pub/elevation/dem_mne/highresolution_hauteresolution/dsm_mns/1m/NRCAN/Jasper_Park_2019_2/utm11/dsm_1m_utm11_w_7_187.tif
http://ftp.maps.canada.ca/pub/elevation/dem_mne/highresolution_hauteresolution/dtm_mnt/1m/NRCAN/Jasper_Park_2019_2/utm11/dtm_1m_utm11_w_7_188.tif,http://ftp.maps.canada.ca/pub/elevation/dem_mne/highresolution_hauteresolution/dsm_mns/1m/NRCAN/Jasper_Park_2019_2/utm11/dsm_1m_utm11_w_7_188.tif
http://ftp.maps.canada.ca/pub/elevation/dem_mne/highresolution_hauteresolution/dtm_mnt/1m/NRCAN/Jasper_Park_2019_2/utm11/dtm_1m_utm11_w_7_189.tif,http://ftp.maps.canada.ca/pub/elevation/dem_mne/highresolution_hauteresolution/dsm_mns/1m/NRCAN/Jasper_Park_2019_2/utm11/dsm_1m_utm11_w_7_189.tif
http://ftp.maps.canada.ca/pub/elevation/dem_mne/highresolution_hauteresolution/dtm_mnt/1m/NRCAN/Jasper_Park_2019_2/utm11/dtm_1m_utm11_w_7_190.tif,http://ftp.maps.canada.ca/pub/elevation/dem_mne/highresolution_hauteresolution/dsm_mns/1m/NRCAN/Jasper_Park_2019_2/utm11/dsm_1m_utm11_w_7_190.tif
http://ftp.maps.canada.ca/pub/elevation/dem_mne/highresolution_hauteresolution/dtm_mnt/1m/NRCAN/Jasper_Park_2019_2/utm11/dtm_1m_utm11_w_7_191.tif,http://ftp.maps.canada.ca/pub/elevation/dem_mne/highresolution_hauteresolution/dsm_mns/1m/NRCAN/Jasper_Park_2019_2/utm11/dsm_1m_utm11_w_7_191.tif
http://ftp.maps.canada.ca/pub/elevation/dem_mne/highresolution_hauteresolution/dtm_mnt/1m/NRCAN/Jasper_Park_2019_2/utm11/dtm_1m_utm11_w_8_185.tif,http://ftp.maps.canada.ca/pub/elevation/dem_mne/highresolution_hauteresolution/dsm_mns/1m/NRCAN/Jasper_Park_2019_2/utm11/dsm_1m_utm11_w_8_185.tif
http://ftp.maps.canada.ca/pub/elevation/dem_mne/highresolution_hauteresolution/dtm_mnt/1m/NRCAN/Jasper_Park_2019_2/utm11/dtm_1m_utm11_w_8_186.tif,http://ftp.maps.canada.ca/pub/elevation/dem_mne/highresolution_hauteresolution/dsm_mns/1m/NRCAN/Jasper_Park_2019_2/utm11/dsm_1m_utm11_w_8_186.tif
http://ftp.maps.canada.ca/pub/elevation/dem_mne/highresolution_hauteresolution/dtm_mnt/1m/NRCAN/Jasper_Park_2019_2/utm11/dtm_1m_utm11_w_8_189.tif,http://ftp.maps.canada.ca/pub/elevation/dem_mne/highresolution_hauteresolution/dsm_mns/1m/NRCAN/Jasper_Park_2019_2/utm11/dsm_1m_utm11_w_8_189.tif
http://ftp.maps.canada.ca/pub/elevation/dem_mne/highresolution_hauteresolution/dtm_mnt/1m/NRCAN/Jasper_Park_2019_2/utm11/dtm_1m_utm11_w_8_190.tif,http://ftp.maps.canada.ca/pub/elevation/dem_mne/highresolution_hauteresolution/dsm_mns/1m/NRCAN/Jasper_Park_2019_2/utm11/dsm_1m_utm11_w_8_190.tif
http://ftp.maps.canada.ca/pub/elevation/dem_mne/highresolution_hauteresolution/dtm_mnt/1m/NRCAN/Jasper_Park_2019_2/utm11/dtm_1m_utm11_w_8_191.tif,http://ftp.maps.canada.ca/pub/elevation/dem_mne/highresolution_hauteresolution/dsm_mns/1m/NRCAN/Jasper_Park_2019_2/utm11/dsm_1m_utm11_w_8_191.tif
http://ftp.maps.canada.ca/pub/elevation/dem_mne/highresolution_hauteresolution/dtm_mnt/1m/NRCAN/Jasper_Park_2019_2/utm11/dtm_1m_utm11_w_8_192.tif,http://ftp.maps.canada.ca/pub/elevation/dem_mne/highresolution_hauteresolution/dsm_mns/1m/NRCAN/Jasper_Park_2019_2/utm11/dsm_1m_utm11_w_8_192.tif
http://ftp.maps.canada.ca/pub/elevation/dem_mne/highresolution_hauteresolution/dtm_mnt/1m/NRCAN/Jasper_Park_2019_2/utm11/dtm_1m_utm11_w_9_185.tif,http://ftp.maps.canada.ca/pub/elevation/dem_mne/highresolution_hauteresolution/dsm_mns/1m/NRCAN/Jasper_Park_2019_2/utm11/dsm_1m_utm11_w_9_185.tif
http://ftp.maps.canada.ca/pub/elevation/dem_mne/highresolution_hauteresolution/dtm_mnt/1m/NRCAN/Jasper_Park_2019_2/utm11/dtm_1m_utm11_w_9_186.tif,http://ftp.maps.canada.ca/pub/elevation/dem_mne/highresolution_hauteresolution/dsm_mns/1m/NRCAN/Jasper_Park_2019_2/utm11/dsm_1m_utm11_w_9_186.tif
http://ftp.maps.canada.ca/pub/elevation/dem_mne/highresolution_hauteresolution/dtm_mnt/1m/NRCAN/Jasper_Park_2019_2/utm11/dtm_1m_utm11_w_9_190.tif,http://ftp.maps.canada.ca/pub/elevation/dem_mne/highresolution_hauteresolution/dsm_mns/1m/NRCAN/Jasper_Park_2019_2/utm11/dsm_1m_utm11_w_9_190.tif
http://ftp.maps.canada.ca/pub/elevation/dem_mne/highresolution_hauteresolution/dtm_mnt/1m/NRCAN/Jasper_Park_2019_2/utm11/dtm_1m_utm11_w_9_191.tif,http://ftp.maps.canada.ca/pub/elevation/dem_mne/highresolution_hauteresolution/dsm_mns/1m/NRCAN/Jasper_Park_2019_2/utm11/dsm_1m_utm11_w_9_191.tif
http://ftp.maps.canada.ca/pub/elevation/dem_mne/highresolution_hauteresolution/dtm_mnt/1m/NRCAN/Jasper_Park_2019_2/utm11/dtm_1m_utm11_w_9_192.tif,http://ftp.maps.canada.ca/pub/elevation/dem_mne/highresolution_hauteresolution/dsm_mns/1m/NRCAN/Jasper_Park_2019_2/utm11/dsm_1m_utm11_w_9_192.tif
